eiusmod deserunt,22ee2
duis occaecat,e4b40
nulla cupidatat,b465c
aliqua excepteur,00121
ad deserunt,cf7e4
deserunt id,02e7c
cupidatat veniam,022b7
nostrud minim,f2e38
amet eiusmod,3be62
irure nisi,cebd8
duis exercitation,5ace9
cupidatat proident,c34e6
ea sint,a0745
exercitation est,00a5e
laboris et,3bef2
aute do,b4549
incididunt tempor,791d9
sit esse,155ef
in exercitation,227aa
exercitation cupidatat,150c8
ex aute,3abfa
et pariatur,c247d
nostrud quis,14f7b
consequat quis,2392f
nostrud nostrud,aedba
sit in,09055
nostrud do,130a4
eiusmod sint,67bd4
tempor sunt,33127
quis proident,f3254
