aute do,b4549
ut adipisicing,e1156
laborum cillum,1942a
tempor qui,4dbd0
ipsum consequat,9a17e
nisi anim,9acc9
nostrud laboris,d6279
consectetur et,82ad1
dolor aliqua,f838a
reprehenderit consectetur,237b9
in exercitation,227aa
commodo nulla,1e65f
sunt ipsum,31cc7
mollit fugiat,8bf3c
elit veniam,d4a5c
nisi pariatur,342b6
culpa adipisicing,6e394
in nisi,36c53
voluptate proident,dcef1
Lorem veniam,bc96c
amet eiusmod,3be62
proident aliquip,5a8bc
est laborum,e02e3
reprehenderit consectetur,b2e5c
do labore,edbc3
