consectetur non,0ffe2
laboris commodo,ca7ac
aliquip ullamco,1bc52
est incididunt,af0a4
aute adipisicing,eabf5
tempor occaecat,91d58
dolore commodo,6c0a1
velit consectetur,ddc47
nostrud elit,48ba9
qui ut,0e67f
cupidatat voluptate,f3756
anim pariatur,037a6
sit in,a43e9
eiusmod mollit,f9241
dolore deserunt,54ef9
commodo ea,10157
do minim,bedf3
adipisicing culpa,45731
nulla sit,48996
dolor enim,17a9a
veniam dolor,162b2
dolor nulla,b44e7
duis in,4dad6
ad minim,6c850
quis culpa,dbbc1
sit et,6a0be
commodo excepteur,6739d
ad consequat,749bc
ad culpa,eb39d
dolore elit,02a85
sint proident,fe9c9
nulla aliqua,154b5
nisi elit,0ecca
proident enim,49e92
ut magna,14ed2
ex consequat,847e0
officia sit,87dbd
ex ipsum,a6239
ut et,1c7d1
deserunt velit,80720
id quis,f2b8f
consectetur quis,d287d
cupidatat esse,e52a6
sit Lorem,d8def
reprehenderit fugiat,63d6d
occaecat officia,0c637
reprehenderit magna,70761
aliquip ipsum,d06b2
fugiat reprehenderit,ce9dc
amet veniam,3a594
duis mollit,16834
amet do,c638a
labore irure,08ef4
laborum exercitation,f6368
tempor proident,8a542
ex eiusmod,ebb7d
dolor consequat,d1d25
do consectetur,5f673
do ad,4af39
pariatur voluptate,caea2
elit qui,0c129
Lorem esse,1a2e3
adipisicing veniam,68909
consequat laboris,53a55
do enim,f2c28
veniam nostrud,bba2f
pariatur qui,adb7b
elit commodo,8d8f0
tempor duis,387fd
ex aliquip,7efc5
dolore ad,aa654
nulla qui,bc773
ipsum duis,fb13c
dolore duis,7a922
voluptate amet,c63e9
Lorem nostrud,27877
commodo nisi,93a3e
minim voluptate,0186f
irure excepteur,940f5
in dolor,964fa
sit officia,84d26
amet magna,f34bc
ex fugiat,57e56
sunt incididunt,b83eb
commodo occaecat,c221f
deserunt magna,443e5
proident deserunt,b5212
ex do,f82ef
in cillum,e1c5f
ex aute,5cf6b
amet laborum,28595
ad dolor,083c6
fugiat in,b2d14
reprehenderit pariatur,46d6a
in ad,a23cc
irure qui,b43e8
magna culpa,22875
proident qui,96ff3
eiusmod officia,7eb85
ut incididunt,d59d7
consequat pariatur,8d8a1
